﻿"Indicator ID","Indicator Name","Parent Code","Parent Name","Area Code","AreaName","Area Type","Sex","Age","Category Type","Category","Time period","Value","Lower CI 95.0 limit","Upper CI 95.0 limit","Lower CI 99.8 limit","Upper CI 99.8 limit","Count","Denominator","Value note","Recent Trend","Compared to England value or percentiles","Compared to parent value or percentiles","Time period Sortable","New data","Compared to goal"
"90362","A01a - Healthy life expectancy at birth","","","E92000001","England","England","Male","All ages","","","2017 - 19","63.18","63.01","63.35","","","-","","","Cannot be calculated","","","20170000","New data",""
"90362","A01a - Healthy life expectancy at birth","E92000001","England","E06000017","Rutland","Upper tier local authorities (post 4/21)","Male","All ages","","","2017 - 19","71.48","68.49","74.46","","","-","","","Cannot be calculated","Better","","20170000","New data",""
"90362","A01a - Healthy life expectancy at birth","E92000001","England","E09000027","Richmond upon Thames","Upper tier local authorities (post 4/21)","Male","All ages","","","2017 - 19","71.44","68.85","74.02","","","-","","","Cannot be calculated","Better","","20170000","New data",""
"90362","A01a - Healthy life expectancy at birth","E92000001","England","E06000041","Wokingham","Upper tier local authorities (post 4/21)","Male","All ages","","","2017 - 19","70.13","68.39","71.87","","","-","","","Cannot be calculated","Better","","20170000","New data",""
"90362","A01a - Healthy life expectancy at birth","E92000001","England","E06000040","Windsor and Maidenhead","Upper tier local authorities (post 4/21)","Male","All ages","","","2017 - 19","69.95","68.38","71.53","","","-","","","Cannot be calculated","Better","","20170000","New data",""
"90362","A01a - Healthy life expectancy at birth","E92000001","England","E09000021","Kingston upon Thames","Upper tier local authorities (post 4/21)","Male","All ages","","","2017 - 19","68.48","65.78","71.17","","","-","","","Cannot be calculated","Better","","20170000","New data",""
"90362","A01a - Healthy life expectancy at birth","E92000001","England","E10000013","Gloucestershire","Upper tier local authorities (post 4/21)","Male","All ages","","","2017 - 19","68.24","66.87","69.61","","","-","","","Cannot be calculated","Better","","20170000","New data",""
"90362","A01a - Healthy life expectancy at birth","E92000001","England","E06000037","West Berkshire","Upper tier local authorities (post 4/21)","Male","All ages","","","2017 - 19","68.15","66.21","70.08","","","-","","","Cannot be calculated","Better","","20170000","New data",""
"90362","A01a - Healthy life expectancy at birth","E92000001","England","E09000007","Camden","Upper tier local authorities (post 4/21)","Male","All ages","","","2017 - 19","67.85","64.22","71.48","","","-","","","Cannot be calculated","Better","","20170000","New data",""
"90362","A01a - Healthy life expectancy at birth","E92000001","England","E10000008","Devon","Upper tier local authorities (post 4/21)","Male","All ages","","","2017 - 19","67.79","66.37","69.2","","","-","","","Cannot be calculated","Better","","20170000","New data",""
"90362","A01a - Healthy life expectancy at birth","E92000001","England","E06000060","Buckinghamshire UA","Upper tier local authorities (post 4/21)","Male","All ages","","","2017 - 19","67.75","66.1","69.39","","","-","","","Cannot be calculated","Better","","20170000","New data",""
"90362","A01a - Healthy life expectancy at birth","E92000001","England","E10000025","Oxfordshire","Upper tier local authorities (post 4/21)","Male","All ages","","","2017 - 19","67.5","65.77","69.23","","","-","","","Cannot be calculated","Better","","20170000","New data",""
"90362","A01a - Healthy life expectancy at birth","E92000001","England","E09000029","Sutton","Upper tier local authorities (post 4/21)","Male","All ages","","","2017 - 19","67.29","64.88","69.71","","","-","","","Cannot be calculated","Better","","20170000","New data",""
"90362","A01a - Healthy life expectancy at birth","E92000001","England","E10000030","Surrey","Upper tier local authorities (post 4/21)","Male","All ages","","","2017 - 19","67.21","65.83","68.6","","","-","","","Cannot be calculated","Better","","20170000","New data",""
"90362","A01a - Healthy life expectancy at birth","E92000001","England","E10000015","Hertfordshire","Upper tier local authorities (post 4/21)","Male","All ages","","","2017 - 19","67","65.75","68.26","","","-","","","Cannot be calculated","Better","","20170000","New data",""
"90362","A01a - Healthy life expectancy at birth","E92000001","England","E06000054","Wiltshire","Upper tier local authorities (post 4/21)","Male","All ages","","","2017 - 19","66.84","65.24","68.43","","","-","","","Cannot be calculated","Better","","20170000","New data",""
"90362","A01a - Healthy life expectancy at birth","E92000001","England","E06000036","Bracknell Forest","Upper tier local authorities (post 4/21)","Male","All ages","","","2017 - 19","66.83","65","68.66","","","-","","","Cannot be calculated","Better","","20170000","New data",""
"90362","A01a - Healthy life expectancy at birth","E92000001","England","E06000024","North Somerset","Upper tier local authorities (post 4/21)","Male","All ages","","","2017 - 19","66.65","64.78","68.51","","","-","","","Cannot be calculated","Better","","20170000","New data",""
"90362","A01a - Healthy life expectancy at birth","E92000001","England","E06000022","Bath and North East Somerset","Upper tier local authorities (post 4/21)","Male","All ages","","","2017 - 19","66.65","64.79","68.51","","","-","","","Cannot be calculated","Better","","20170000","New data",""
"90362","A01a - Healthy life expectancy at birth","E92000001","England","E08000029","Solihull","Upper tier local authorities (post 4/21)","Male","All ages","","","2017 - 19","66.59","64.91","68.27","","","-","","","Cannot be calculated","Better","","20170000","New data",""
"90362","A01a - Healthy life expectancy at birth","E92000001","England","E09000013","Hammersmith and Fulham","Upper tier local authorities (post 4/21)","Male","All ages","","","2017 - 19","66.49","63.58","69.39","","","-","","","Cannot be calculated","Better","","20170000","New data",""
"90362","A01a - Healthy life expectancy at birth","E92000001","England","E09000004","Bexley","Upper tier local authorities (post 4/21)","Male","All ages","","","2017 - 19","66.47","64.34","68.61","","","-","","","Cannot be calculated","Better","","20170000","New data",""
"90362","A01a - Healthy life expectancy at birth","E92000001","England","E06000056","Central Bedfordshire","Upper tier local authorities (post 4/21)","Male","All ages","","","2017 - 19","66.36","64.16","68.56","","","-","","","Cannot be calculated","Better","","20170000","New data",""
"90362","A01a - Healthy life expectancy at birth","E92000001","England","E08000007","Stockport","Upper tier local authorities (post 4/21)","Male","All ages","","","2017 - 19","66.04","64.36","67.72","","","-","","","Cannot be calculated","Better","","20170000","New data",""
"90362","A01a - Healthy life expectancy at birth","E92000001","England","E10000032","West Sussex","Upper tier local authorities (post 4/21)","Male","All ages","","","2017 - 19","66","64.51","67.5","","","-","","","Cannot be calculated","Better","","20170000","New data",""
"90362","A01a - Healthy life expectancy at birth","E92000001","England","E06000050","Cheshire West and Chester","Upper tier local authorities (post 4/21)","Male","All ages","","","2017 - 19","65.94","63.64","68.23","","","-","","","Cannot be calculated","Better","","20170000","New data",""
"90362","A01a - Healthy life expectancy at birth","E92000001","England","E06000014","York","Upper tier local authorities (post 4/21)","Male","All ages","","","2017 - 19","65.82","64.05","67.59","","","-","","","Cannot be calculated","Better","","20170000","New data",""
"90362","A01a - Healthy life expectancy at birth","E92000001","England","E10000023","North Yorkshire","Upper tier local authorities (post 4/21)","Male","All ages","","","2017 - 19","65.73","64.08","67.38","","","-","","","Cannot be calculated","Better","","20170000","New data",""
"90362","A01a - Healthy life expectancy at birth","E92000001","England","E09000033","Westminster","Upper tier local authorities (post 4/21)","Male","All ages","","","2017 - 19","65.71","62.24","69.19","","","-","","","Cannot be calculated","Similar","","20170000","New data",""
"90362","A01a - Healthy life expectancy at birth","E92000001","England","E06000025","South Gloucestershire","Upper tier local authorities (post 4/21)","Male","All ages","","","2017 - 19","65.69","63.85","67.54","","","-","","","Cannot be calculated","Better","","20170000","New data",""
"90362","A01a - Healthy life expectancy at birth","E92000001","England","E10000014","Hampshire","Upper tier local authorities (post 4/21)","Male","All ages","","","2017 - 19","65.69","64.48","66.9","","","-","","","Cannot be calculated","Better","","20170000","New data",""
"90362","A01a - Healthy life expectancy at birth","E92000001","England","E08000009","Trafford","Upper tier local authorities (post 4/21)","Male","All ages","","","2017 - 19","65.56","63.7","67.41","","","-","","","Cannot be calculated","Better","","20170000","New data",""
"90362","A01a - Healthy life expectancy at birth","E92000001","England","E06000011","East Riding of Yorkshire","Upper tier local authorities (post 4/21)","Male","All ages","","","2017 - 19","65.42","63.85","67","","","-","","","Cannot be calculated","Better","","20170000","New data",""
"90362","A01a - Healthy life expectancy at birth","E92000001","England","E06000058","Bournemouth, Christchurch and Poole","Upper tier local authorities (post 4/21)","Male","All ages","","","2017 - 19","65.37","64.07","66.68","","","-","","","Cannot be calculated","Better","","20170000","New data",""
"90362","A01a - Healthy life expectancy at birth","E92000001","England","E09000016","Havering","Upper tier local authorities (post 4/21)","Male","All ages","","","2017 - 19","65.16","62.88","67.45","","","-","","","Cannot be calculated","Similar","","20170000","New data",""
"90362","A01a - Healthy life expectancy at birth","E92000001","England","E10000034","Worcestershire","Upper tier local authorities (post 4/21)","Male","All ages","","","2017 - 19","65.12","63.52","66.72","","","-","","","Cannot be calculated","Better","","20170000","New data",""
"90362","A01a - Healthy life expectancy at birth","E92000001","England","E10000029","Suffolk","Upper tier local authorities (post 4/21)","Male","All ages","","","2017 - 19","65.05","63.58","66.51","","","-","","","Cannot be calculated","Better","","20170000","New data",""
"90362","A01a - Healthy life expectancy at birth","E92000001","England","E06000049","Cheshire East","Upper tier local authorities (post 4/21)","Male","All ages","","","2017 - 19","64.91","62.54","67.29","","","-","","","Cannot be calculated","Similar","","20170000","New data",""
"90362","A01a - Healthy life expectancy at birth","E92000001","England","E06000051","Shropshire","Upper tier local authorities (post 4/21)","Male","All ages","","","2017 - 19","64.59","62.93","66.25","","","-","","","Cannot be calculated","Similar","","20170000","New data",""
"90362","A01a - Healthy life expectancy at birth","E92000001","England","E10000031","Warwickshire","Upper tier local authorities (post 4/21)","Male","All ages","","","2017 - 19","64.56","62.84","66.28","","","-","","","Cannot be calculated","Similar","","20170000","New data",""
"90362","A01a - Healthy life expectancy at birth","E92000001","England","E09000008","Croydon","Upper tier local authorities (post 4/21)","Male","All ages","","","2017 - 19","64.41","61.88","66.93","","","-","","","Cannot be calculated","Similar","","20170000","New data",""
"90362","A01a - Healthy life expectancy at birth","E92000001","England","E06000043","Brighton and Hove","Upper tier local authorities (post 4/21)","Male","All ages","","","2017 - 19","64.37","62.43","66.31","","","-","","","Cannot be calculated","Similar","","20170000","New data",""
"90362","A01a - Healthy life expectancy at birth","E92000001","England","E06000052","Cornwall","Upper tier local authorities (post 4/21)","Male","All ages","","","2017 - 19","64.35","62.69","66.01","","","-","","","Cannot be calculated","Similar","","20170000","New data",""
"90362","A01a - Healthy life expectancy at birth","E92000001","England","E10000003","Cambridgeshire","Upper tier local authorities (post 4/21)","Male","All ages","","","2017 - 19","64.3","62.51","66.08","","","-","","","Cannot be calculated","Similar","","20170000","New data",""
"90362","A01a - Healthy life expectancy at birth","E92000001","England","E09000024","Merton","Upper tier local authorities (post 4/21)","Male","All ages","","","2017 - 19","64.27","61.33","67.2","","","-","","","Cannot be calculated","Similar","","20170000","New data",""
"90362","A01a - Healthy life expectancy at birth","E92000001","England","E06000007","Warrington","Upper tier local authorities (post 4/21)","Male","All ages","","","2017 - 19","64.25","62.52","65.97","","","-","","","Cannot be calculated","Similar","","20170000","New data",""
"90362","A01a - Healthy life expectancy at birth","E92000001","England","E09000014","Haringey","Upper tier local authorities (post 4/21)","Male","All ages","","","2017 - 19","64.23","61.69","66.77","","","-","","","Cannot be calculated","Similar","","20170000","New data",""
"90362","A01a - Healthy life expectancy at birth","E92000001","England","E10000012","Essex","Upper tier local authorities (post 4/21)","Male","All ages","","","2017 - 19","64.21","63.04","65.39","","","-","","","Cannot be calculated","Similar","","20170000","New data",""
"90362","A01a - Healthy life expectancy at birth","E92000001","England","E06000038","Reading","Upper tier local authorities (post 4/21)","Male","All ages","","","2017 - 19","64.17","62","66.34","","","-","","","Cannot be calculated","Similar","","20170000","New data",""
"90362","A01a - Healthy life expectancy at birth","E92000001","England","E06000019","Herefordshire","Upper tier local authorities (post 4/21)","Male","All ages","","","2017 - 19","64.1","62.36","65.83","","","-","","","Cannot be calculated","Similar","","20170000","New data",""
"90362","A01a - Healthy life expectancy at birth","E92000001","England","E10000011","East Sussex","Upper tier local authorities (post 4/21)","Male","All ages","","","2017 - 19","64.04","62.22","65.86","","","-","","","Cannot be calculated","Similar","","20170000","New data",""
"90362","A01a - Healthy life expectancy at birth","E92000001","England","E09000031","Waltham Forest","Upper tier local authorities (post 4/21)","Male","All ages","","","2017 - 19","64.01","60.33","67.69","","","-","","","Cannot be calculated","Similar","","20170000","New data",""
"90362","A01a - Healthy life expectancy at birth","E92000001","England","E09000028","Southwark","Upper tier local authorities (post 4/21)","Male","All ages","","","2017 - 19","63.95","61.2","66.7","","","-","","","Cannot be calculated","Similar","","20170000","New data",""
"90362","A01a - Healthy life expectancy at birth","E92000001","England","E09000010","Enfield","Upper tier local authorities (post 4/21)","Male","All ages","","","2017 - 19","63.93","61.11","66.76","","","-","","","Cannot be calculated","Similar","","20170000","New data",""
"90362","A01a - Healthy life expectancy at birth","E92000001","England","E09000015","Harrow","Upper tier local authorities (post 4/21)","Male","All ages","","","2017 - 19","63.8","61.09","66.51","","","-","","","Cannot be calculated","Similar","","20170000","New data",""
"90362","A01a - Healthy life expectancy at birth","E92000001","England","E10000016","Kent","Upper tier local authorities (post 4/21)","Male","All ages","","","2017 - 19","63.78","62.52","65.03","","","-","","","Cannot be calculated","Similar","","20170000","New data",""
"90362","A01a - Healthy life expectancy at birth","E92000001","England","E08000014","Sefton","Upper tier local authorities (post 4/21)","Male","All ages","","","2017 - 19","63.73","62.1","65.35","","","-","","","Cannot be calculated","Similar","","20170000","New data",""
"90362","A01a - Healthy life expectancy at birth","E92000001","England","E09000006","Bromley","Upper tier local authorities (post 4/21)","Male","All ages","","","2017 - 19","63.7","61.2","66.2","","","-","","","Cannot be calculated","Similar","","20170000","New data",""
"90362","A01a - Healthy life expectancy at birth","E92000001","England","E08000002","Bury","Upper tier local authorities (post 4/21)","Male","All ages","","","2017 - 19","63.61","61.82","65.39","","","-","","","Cannot be calculated","Similar","","20170000","New data",""
"90362","A01a - Healthy life expectancy at birth","E92000001","England","E06000033","Southend-on-Sea","Upper tier local authorities (post 4/21)","Male","All ages","","","2017 - 19","63.6","62","65.19","","","-","","","Cannot be calculated","Similar","","20170000","New data",""
"90362","A01a - Healthy life expectancy at birth","E92000001","England","E10000018","Leicestershire","Upper tier local authorities (post 4/21)","Male","All ages","","","2017 - 19","63.52","61.79","65.24","","","-","","","Cannot be calculated","Similar","","20170000","New data",""
"90362","A01a - Healthy life expectancy at birth","E92000001","England","E09000019","Islington","Upper tier local authorities (post 4/21)","Male","All ages","","","2017 - 19","63.4","60.42","66.38","","","-","","","Cannot be calculated","Similar","","20170000","New data",""
"90362","A01a - Healthy life expectancy at birth","E92000001","England","E10000024","Nottinghamshire","Upper tier local authorities (post 4/21)","Male","All ages","","","2017 - 19","63.39","61.92","64.87","","","-","","","Cannot be calculated","Similar","","20170000","New data",""
"90362","A01a - Healthy life expectancy at birth","E92000001","England","E06000034","Thurrock","Upper tier local authorities (post 4/21)","Male","All ages","","","2017 - 19","63.22","61.28","65.17","","","-","","","Cannot be calculated","Similar","","20170000","New data",""
"90362","A01a - Healthy life expectancy at birth","E92000001","England","E10000006","Cumbria","Upper tier local authorities (post 4/21)","Male","All ages","","","2017 - 19","62.92","61.48","64.36","","","-","","","Cannot be calculated","Similar","","20170000","New data",""
"90362","A01a - Healthy life expectancy at birth","E92000001","England","E09000022","Lambeth","Upper tier local authorities (post 4/21)","Male","All ages","","","2017 - 19","62.9","59.9","65.89","","","-","","","Cannot be calculated","Similar","","20170000","New data",""
"90362","A01a - Healthy life expectancy at birth","E92000001","England","E09000026","Redbridge","Upper tier local authorities (post 4/21)","Male","All ages","","","2017 - 19","62.84","60.33","65.36","","","-","","","Cannot be calculated","Similar","","20170000","New data",""
"90362","A01a - Healthy life expectancy at birth","E92000001","England","E10000027","Somerset","Upper tier local authorities (post 4/21)","Male","All ages","","","2017 - 19","62.8","60.86","64.73","","","-","","","Cannot be calculated","Similar","","20170000","New data",""
"90362","A01a - Healthy life expectancy at birth","E92000001","England","E06000055","Bedford","Upper tier local authorities (post 4/21)","Male","All ages","","","2017 - 19","62.78","59.26","66.3","","","-","","","Cannot be calculated","Similar","","20170000","New data",""
"90362","A01a - Healthy life expectancy at birth","E92000001","England","E06000030","Swindon","Upper tier local authorities (post 4/21)","Male","All ages","","","2017 - 19","62.76","60.94","64.59","","","-","","","Cannot be calculated","Similar","","20170000","New data",""
"90362","A01a - Healthy life expectancy at birth","E92000001","England","E06000031","Peterborough","Upper tier local authorities (post 4/21)","Male","All ages","","","2017 - 19","62.75","60.9","64.6","","","-","","","Cannot be calculated","Similar","","20170000","New data",""
"90362","A01a - Healthy life expectancy at birth","E92000001","England","E09000032","Wandsworth","Upper tier local authorities (post 4/21)","Male","All ages","","","2017 - 19","62.73","59.52","65.94","","","-","","","Cannot be calculated","Similar","","20170000","New data",""
"90362","A01a - Healthy life expectancy at birth","E92000001","England","E10000020","Norfolk","Upper tier local authorities (post 4/21)","Male","All ages","","","2017 - 19","62.72","61.16","64.27","","","-","","","Cannot be calculated","Similar","","20170000","New data",""
"90362","A01a - Healthy life expectancy at birth","E92000001","England","E09000009","Ealing","Upper tier local authorities (post 4/21)","Male","All ages","","","2017 - 19","62.69","59.86","65.53","","","-","","","Cannot be calculated","Similar","","20170000","New data",""
"90362","A01a - Healthy life expectancy at birth","E92000001","England","E06000035","Medway","Upper tier local authorities (post 4/21)","Male","All ages","","","2017 - 19","62.67","60.6","64.74","","","-","","","Cannot be calculated","Similar","","20170000","New data",""
"90362","A01a - Healthy life expectancy at birth","E92000001","England","E09000030","Tower Hamlets","Upper tier local authorities (post 4/21)","Male","All ages","","","2017 - 19","62.62","58.88","66.36","","","-","","","Cannot be calculated","Similar","","20170000","New data",""
"90362","A01a - Healthy life expectancy at birth","E92000001","England","E06000059","Dorset","Upper tier local authorities (post 4/21)","Male","All ages","","","2017 - 19","62.34","60.13","64.56","","","-","","","Cannot be calculated","Similar","","20170000","New data",""
"90362","A01a - Healthy life expectancy at birth","E92000001","England","E08000019","Sheffield","Upper tier local authorities (post 4/21)","Male","All ages","","","2017 - 19","62.33","60.55","64.12","","","-","","","Cannot be calculated","Similar","","20170000","New data",""
"90362","A01a - Healthy life expectancy at birth","E92000001","England","E06000027","Torbay","Upper tier local authorities (post 4/21)","Male","All ages","","","2017 - 19","62.23","60.37","64.08","","","-","","","Cannot be calculated","Similar","","20170000","New data",""
"90362","A01a - Healthy life expectancy at birth","E92000001","England","E06000044","Portsmouth","Upper tier local authorities (post 4/21)","Male","All ages","","","2017 - 19","62.09","60.15","64.03","","","-","","","Cannot be calculated","Similar","","20170000","New data",""
"90362","A01a - Healthy life expectancy at birth","E92000001","England","E08000034","Kirklees","Upper tier local authorities (post 4/21)","Male","All ages","","","2017 - 19","61.9","60.16","63.63","","","-","","","Cannot be calculated","Similar","","20170000","New data",""
"90362","A01a - Healthy life expectancy at birth","E92000001","England","E08000026","Coventry","Upper tier local authorities (post 4/21)","Male","All ages","","","2017 - 19","61.86","60.06","63.66","","","-","","","Cannot be calculated","Similar","","20170000","New data",""
"90362","A01a - Healthy life expectancy at birth","E92000001","England","E08000008","Tameside","Upper tier local authorities (post 4/21)","Male","All ages","","","2017 - 19","61.85","60.2","63.5","","","-","","","Cannot be calculated","Similar","","20170000","New data",""
"90362","A01a - Healthy life expectancy at birth","E92000001","England","E06000042","Milton Keynes","Upper tier local authorities (post 4/21)","Male","All ages","","","2017 - 19","61.82","59.91","63.72","","","-","","","Cannot be calculated","Similar","","20170000","New data",""
"90362","A01a - Healthy life expectancy at birth","E92000001","England","E10000019","Lincolnshire","Upper tier local authorities (post 4/21)","Male","All ages","","","2017 - 19","61.82","60.19","63.44","","","-","","","Cannot be calculated","Similar","","20170000","New data",""
"90362","A01a - Healthy life expectancy at birth","E92000001","England","E06000026","Plymouth","Upper tier local authorities (post 4/21)","Male","All ages","","","2017 - 19","61.8","59.73","63.87","","","-","","","Cannot be calculated","Similar","","20170000","New data",""
"90362","A01a - Healthy life expectancy at birth","E92000001","England","E09000003","Barnet","Upper tier local authorities (post 4/21)","Male","All ages","","","2017 - 19","61.79","58.5","65.08","","","-","","","Cannot be calculated","Similar","","20170000","New data",""
"90362","A01a - Healthy life expectancy at birth","E92000001","England","E08000001","Bolton","Upper tier local authorities (post 4/21)","Male","All ages","","","2017 - 19","61.75","60.01","63.48","","","-","","","Cannot be calculated","Similar","","20170000","New data",""
"90362","A01a - Healthy life expectancy at birth","E92000001","England","E06000023","Bristol","Upper tier local authorities (post 4/21)","Male","All ages","","","2017 - 19","61.69","59.82","63.56","","","-","","","Cannot be calculated","Similar","","20170000","New data",""
"90362","A01a - Healthy life expectancy at birth","E92000001","England","E09000005","Brent","Upper tier local authorities (post 4/21)","Male","All ages","","","2017 - 19","61.64","58.77","64.51","","","-","","","Cannot be calculated","Similar","","20170000","New data",""
"90362","A01a - Healthy life expectancy at birth","E92000001","England","E09000017","Hillingdon","Upper tier local authorities (post 4/21)","Male","All ages","","","2017 - 19","61.61","59.04","64.19","","","-","","","Cannot be calculated","Similar","","20170000","New data",""
"90362","A01a - Healthy life expectancy at birth","E92000001","England","E08000027","Dudley","Upper tier local authorities (post 4/21)","Male","All ages","","","2017 - 19","61.56","59.69","63.43","","","-","","","Cannot be calculated","Similar","","20170000","New data",""
"90362","A01a - Healthy life expectancy at birth","E92000001","England","E08000010","Wigan","Upper tier local authorities (post 4/21)","Male","All ages","","","2017 - 19","61.49","59.75","63.24","","","-","","","Cannot be calculated","Similar","","20170000","New data",""
"90362","A01a - Healthy life expectancy at birth","E92000001","England","E10000028","Staffordshire","Upper tier local authorities (post 4/21)","Male","All ages","","","2017 - 19","61.46","59.72","63.19","","","-","","","Cannot be calculated","Similar","","20170000","New data",""
"90362","A01a - Healthy life expectancy at birth","E92000001","England","E08000033","Calderdale","Upper tier local authorities (post 4/21)","Male","All ages","","","2017 - 19","61.37","59.49","63.25","","","-","","","Cannot be calculated","Similar","","20170000","New data",""
"90362","A01a - Healthy life expectancy at birth","E92000001","England","E09000020","Kensington and Chelsea","Upper tier local authorities (post 4/21)","Male","All ages","","","2017 - 19","61.25","58.01","64.48","","","-","","","Cannot be calculated","Similar","","20170000","New data",""
"90362","A01a - Healthy life expectancy at birth","E92000001","England","E10000007","Derbyshire","Upper tier local authorities (post 4/21)","Male","All ages","","","2017 - 19","61.06","59.44","62.69","","","-","","","Cannot be calculated","Worse","","20170000","New data",""
"90362","A01a - Healthy life expectancy at birth","E92000001","England","E08000021","Newcastle upon Tyne","Upper tier local authorities (post 4/21)","Male","All ages","","","2017 - 19","60.98","58.93","63.03","","","-","","","Cannot be calculated","Worse","","20170000","New data",""
"90362","A01a - Healthy life expectancy at birth","E92000001","England","E06000057","Northumberland","Upper tier local authorities (post 4/21)","Male","All ages","","","2017 - 19","60.92","59.09","62.75","","","-","","","Cannot be calculated","Worse","","20170000","New data",""
"90362","A01a - Healthy life expectancy at birth","E92000001","England","E08000015","Wirral","Upper tier local authorities (post 4/21)","Male","All ages","","","2017 - 19","60.88","59","62.75","","","-","","","Cannot be calculated","Worse","","20170000","New data",""
"90362","A01a - Healthy life expectancy at birth","E92000001","England","E06000046","Isle of Wight","Upper tier local authorities (post 4/21)","Male","All ages","","","2017 - 19","60.84","59.02","62.65","","","-","","","Cannot be calculated","Worse","","20170000","New data",""
"90362","A01a - Healthy life expectancy at birth","E92000001","England","E08000032","Bradford","Upper tier local authorities (post 4/21)","Male","All ages","","","2017 - 19","60.79","59.01","62.56","","","-","","","Cannot be calculated","Worse","","20170000","New data",""
"90362","A01a - Healthy life expectancy at birth","E92000001","England","E08000011","Knowsley","Upper tier local authorities (post 4/21)","Male","All ages","","","2017 - 19","60.71","58.79","62.62","","","-","","","Cannot be calculated","Worse","","20170000","New data",""
"90362","A01a - Healthy life expectancy at birth","E92000001","England","E06000045","Southampton","Upper tier local authorities (post 4/21)","Male","All ages","","","2017 - 19","60.7","58.69","62.72","","","-","","","Cannot be calculated","Worse","","20170000","New data",""
"90362","A01a - Healthy life expectancy at birth","E92000001","England","E08000022","North Tyneside","Upper tier local authorities (post 4/21)","Male","All ages","","","2017 - 19","60.64","58.74","62.54","","","-","","","Cannot be calculated","Worse","","20170000","New data",""
"90362","A01a - Healthy life expectancy at birth","E92000001","England","E08000035","Leeds","Upper tier local authorities (post 4/21)","Male","All ages","","","2017 - 19","60.61","59.02","62.2","","","-","","","Cannot be calculated","Worse","","20170000","New data",""
"90362","A01a - Healthy life expectancy at birth","E92000001","England","E10000017","Lancashire","Upper tier local authorities (post 4/21)","Male","All ages","","","2017 - 19","60.61","59.29","61.94","","","-","","","Cannot be calculated","Worse","","20170000","New data",""
"90362","A01a - Healthy life expectancy at birth","E92000001","England","E09000011","Greenwich","Upper tier local authorities (post 4/21)","Male","All ages","","","2017 - 19","60.61","58.14","63.09","","","-","","","Cannot be calculated","Worse","","20170000","New data",""
"90362","A01a - Healthy life expectancy at birth","E92000001","England","E08000023","South Tyneside","Upper tier local authorities (post 4/21)","Male","All ages","","","2017 - 19","60.4","58.68","62.12","","","-","","","Cannot be calculated","Worse","","20170000","New data",""
"90362","A01a - Healthy life expectancy at birth","E92000001","England","E06000016","Leicester","Upper tier local authorities (post 4/21)","Male","All ages","","","2017 - 19","60.25","58.21","62.29","","","-","","","Cannot be calculated","Worse","","20170000","New data",""
"90362","A01a - Healthy life expectancy at birth","E92000001","England","E06000003","Redcar and Cleveland","Upper tier local authorities (post 4/21)","Male","All ages","","","2017 - 19","60.23","58.35","62.12","","","-","","","Cannot be calculated","Worse","","20170000","New data",""
"90362","A01a - Healthy life expectancy at birth","E92000001","England","E08000006","Salford","Upper tier local authorities (post 4/21)","Male","All ages","","","2017 - 19","60.16","58.31","62.01","","","-","","","Cannot be calculated","Worse","","20170000","New data",""
"90362","A01a - Healthy life expectancy at birth","E92000001","England","E09000018","Hounslow","Upper tier local authorities (post 4/21)","Male","All ages","","","2017 - 19","59.92","55.75","64.09","","","-","","","Cannot be calculated","Similar","","20170000","New data",""
"90362","A01a - Healthy life expectancy at birth","E92000001","England","E06000015","Derby","Upper tier local authorities (post 4/21)","Male","All ages","","","2017 - 19","59.88","57.99","61.76","","","-","","","Cannot be calculated","Worse","","20170000","New data",""
"90362","A01a - Healthy life expectancy at birth","E92000001","England","E06000008","Blackburn with Darwen","Upper tier local authorities (post 4/21)","Male","All ages","","","2017 - 19","59.63","57.9","61.36","","","-","","","Cannot be calculated","Worse","","20170000","New data",""
"90362","A01a - Healthy life expectancy at birth","E92000001","England","E06000047","County Durham","Upper tier local authorities (post 4/21)","Male","All ages","","","2017 - 19","59.6","57.87","61.34","","","-","","","Cannot be calculated","Worse","","20170000","New data",""
"90362","A01a - Healthy life expectancy at birth","E92000001","England","E09000025","Newham","Upper tier local authorities (post 4/21)","Male","All ages","","","2017 - 19","59.58","56.14","63.02","","","-","","","Cannot be calculated","Worse","","20170000","New data",""
"90362","A01a - Healthy life expectancy at birth","E92000001","England","E08000012","Liverpool","Upper tier local authorities (post 4/21)","Male","All ages","","","2017 - 19","59.46","57.78","61.15","","","-","","","Cannot be calculated","Worse","","20170000","New data",""
"90362","A01a - Healthy life expectancy at birth","E92000001","England","E08000028","Sandwell","Upper tier local authorities (post 4/21)","Male","All ages","","","2017 - 19","59.24","57.56","60.93","","","-","","","Cannot be calculated","Worse","","20170000","New data",""
"90362","A01a - Healthy life expectancy at birth","E92000001","England","E09000023","Lewisham","Upper tier local authorities (post 4/21)","Male","All ages","","","2017 - 19","59.1","55.34","62.87","","","-","","","Cannot be calculated","Worse","","20170000","New data",""
"90362","A01a - Healthy life expectancy at birth","E92000001","England","E06000006","Halton","Upper tier local authorities (post 4/21)","Male","All ages","","","2017 - 19","59.09","56.95","61.23","","","-","","","Cannot be calculated","Worse","","20170000","New data",""
"90362","A01a - Healthy life expectancy at birth","E92000001","England","E08000017","Doncaster","Upper tier local authorities (post 4/21)","Male","All ages","","","2017 - 19","59.08","57.24","60.93","","","-","","","Cannot be calculated","Worse","","20170000","New data",""
"90362","A01a - Healthy life expectancy at birth","E92000001","England","E08000036","Wakefield","Upper tier local authorities (post 4/21)","Male","All ages","","","2017 - 19","59.05","57.18","60.91","","","-","","","Cannot be calculated","Worse","","20170000","New data",""
"90362","A01a - Healthy life expectancy at birth","E92000001","England","E08000005","Rochdale","Upper tier local authorities (post 4/21)","Male","All ages","","","2017 - 19","58.99","57.19","60.78","","","-","","","Cannot be calculated","Worse","","20170000","New data",""
"90362","A01a - Healthy life expectancy at birth","E92000001","England","E08000031","Wolverhampton","Upper tier local authorities (post 4/21)","Male","All ages","","","2017 - 19","58.6","56.91","60.3","","","-","","","Cannot be calculated","Worse","","20170000","New data",""
"90362","A01a - Healthy life expectancy at birth","E92000001","England","E09000012","Hackney","Upper tier local authorities (post 4/21)","Male","All ages","","","2017 - 19","58.59","55.57","61.61","","","-","","","Cannot be calculated","Worse","","20170000","New data",""
"90362","A01a - Healthy life expectancy at birth","E92000001","England","E08000003","Manchester","Upper tier local authorities (post 4/21)","Male","All ages","","","2017 - 19","58.56","56.84","60.28","","","-","","","Cannot be calculated","Worse","","20170000","New data",""
"90362","A01a - Healthy life expectancy at birth","E92000001","England","E06000002","Middlesbrough","Upper tier local authorities (post 4/21)","Male","All ages","","","2017 - 19","58.53","56.82","60.24","","","-","","","Cannot be calculated","Worse","","20170000","New data",""
"90362","A01a - Healthy life expectancy at birth","E92000001","England","E08000025","Birmingham","Upper tier local authorities (post 4/21)","Male","All ages","","","2017 - 19","58.52","57.04","59.99","","","-","","","Cannot be calculated","Worse","","20170000","New data",""
"90362","A01a - Healthy life expectancy at birth","E92000001","England","E06000013","North Lincolnshire","Upper tier local authorities (post 4/21)","Male","All ages","","","2017 - 19","58.37","56.29","60.45","","","-","","","Cannot be calculated","Worse","","20170000","New data",""
"90362","A01a - Healthy life expectancy at birth","E92000001","England","E09000002","Barking and Dagenham","Upper tier local authorities (post 4/21)","Male","All ages","","","2017 - 19","58.35","55.35","61.34","","","-","","","Cannot be calculated","Worse","","20170000","New data",""
"90362","A01a - Healthy life expectancy at birth","E92000001","England","E08000013","St. Helens","Upper tier local authorities (post 4/21)","Male","All ages","","","2017 - 19","58.28","56.32","60.25","","","-","","","Cannot be calculated","Worse","","20170000","New data",""
"90362","A01a - Healthy life expectancy at birth","E92000001","England","E08000018","Rotherham","Upper tier local authorities (post 4/21)","Male","All ages","","","2017 - 19","58.27","56.42","60.12","","","-","","","Cannot be calculated","Worse","","20170000","New data",""
"90362","A01a - Healthy life expectancy at birth","E92000001","England","E08000004","Oldham","Upper tier local authorities (post 4/21)","Male","All ages","","","2017 - 19","58.27","56.44","60.1","","","-","","","Cannot be calculated","Worse","","20170000","New data",""
"90362","A01a - Healthy life expectancy at birth","E92000001","England","E06000020","Telford and Wrekin","Upper tier local authorities (post 4/21)","Male","All ages","","","2017 - 19","58.2","56.27","60.13","","","-","","","Cannot be calculated","Worse","","20170000","New data",""
"90362","A01a - Healthy life expectancy at birth","E92000001","England","E08000037","Gateshead","Upper tier local authorities (post 4/21)","Male","All ages","","","2017 - 19","58.2","56.18","60.23","","","-","","","Cannot be calculated","Worse","","20170000","New data",""
"90362","A01a - Healthy life expectancy at birth","E92000001","England","E06000005","Darlington","Upper tier local authorities (post 4/21)","Male","All ages","","","2017 - 19","58.09","56.18","59.99","","","-","","","Cannot be calculated","Worse","","20170000","New data",""
"90362","A01a - Healthy life expectancy at birth","E92000001","England","E06000039","Slough","Upper tier local authorities (post 4/21)","Male","All ages","","","2017 - 19","58.05","55.89","60.2","","","-","","","Cannot be calculated","Worse","","20170000","New data",""
"90362","A01a - Healthy life expectancy at birth","E92000001","England","E08000030","Walsall","Upper tier local authorities (post 4/21)","Male","All ages","","","2017 - 19","57.87","56.09","59.66","","","-","","","Cannot be calculated","Worse","","20170000","New data",""
"90362","A01a - Healthy life expectancy at birth","E92000001","England","E06000004","Stockton-on-Tees","Upper tier local authorities (post 4/21)","Male","All ages","","","2017 - 19","57.79","55.84","59.74","","","-","","","Cannot be calculated","Worse","","20170000","New data",""
"90362","A01a - Healthy life expectancy at birth","E92000001","England","E08000016","Barnsley","Upper tier local authorities (post 4/21)","Male","All ages","","","2017 - 19","57.54","55.64","59.45","","","-","","","Cannot be calculated","Worse","","20170000","New data",""
"90362","A01a - Healthy life expectancy at birth","E92000001","England","E08000024","Sunderland","Upper tier local authorities (post 4/21)","Male","All ages","","","2017 - 19","57.49","55.82","59.16","","","-","","","Cannot be calculated","Worse","","20170000","New data",""
"90362","A01a - Healthy life expectancy at birth","E92000001","England","E06000032","Luton","Upper tier local authorities (post 4/21)","Male","All ages","","","2017 - 19","57.39","55.65","59.12","","","-","","","Cannot be calculated","Worse","","20170000","New data",""
"90362","A01a - Healthy life expectancy at birth","E92000001","England","E06000012","North East Lincolnshire","Upper tier local authorities (post 4/21)","Male","All ages","","","2017 - 19","57.28","55.31","59.25","","","-","","","Cannot be calculated","Worse","","20170000","New data",""
"90362","A01a - Healthy life expectancy at birth","E92000001","England","E06000001","Hartlepool","Upper tier local authorities (post 4/21)","Male","All ages","","","2017 - 19","57.03","55.27","58.8","","","-","","","Cannot be calculated","Worse","","20170000","New data",""
"90362","A01a - Healthy life expectancy at birth","E92000001","England","E06000021","Stoke-on-Trent","Upper tier local authorities (post 4/21)","Male","All ages","","","2017 - 19","56.66","54.88","58.44","","","-","","","Cannot be calculated","Worse","","20170000","New data",""
"90362","A01a - Healthy life expectancy at birth","E92000001","England","E06000018","Nottingham","Upper tier local authorities (post 4/21)","Male","All ages","","","2017 - 19","56.42","54.58","58.25","","","-","","","Cannot be calculated","Worse","","20170000","New data",""
"90362","A01a - Healthy life expectancy at birth","E92000001","England","E06000010","Kingston upon Hull","Upper tier local authorities (post 4/21)","Male","All ages","","","2017 - 19","56.3","54.26","58.33","","","-","","","Cannot be calculated","Worse","","20170000","New data",""
"90362","A01a - Healthy life expectancy at birth","E92000001","England","E06000009","Blackpool","Upper tier local authorities (post 4/21)","Male","All ages","","","2017 - 19","53.72","51.92","55.52","","","-","","","Cannot be calculated","Worse","","20170000","New data",""
"90362","A01a - Healthy life expectancy at birth","E92000001","England","E09000001","City of London","Upper tier local authorities (post 4/21)","Male","All ages","","","2017 - 19","","","","","","-","","<span class=""tooltipValueNote"">* Value missing in source data</span>","Cannot be calculated","Not compared","","20170000","New data",""
"90362","A01a - Healthy life expectancy at birth","E92000001","England","E06000053","Isles of Scilly","Upper tier local authorities (post 4/21)","Male","All ages","","","2017 - 19","","","","","","-","","<span class=""tooltipValueNote"">* Value missing in source data</span>","Cannot be calculated","Not compared","","20170000","New data",""
"90362","A01a - Healthy life expectancy at birth","E92000001","England","E06000061","North Northamptonshire","Upper tier local authorities (post 4/21)","Male","All ages","","","2017 - 19","","","","","","-","","","Cannot be calculated","","","20170000","New data",""
"90362","A01a - Healthy life expectancy at birth","E92000001","England","E06000062","West Northamptonshire","Upper tier local authorities (post 4/21)","Male","All ages","","","2017 - 19","","","","","","-","","","Cannot be calculated","","","20170000","New data",""
