Person ID,First name,Last name,Male,Female,Party,Constituency
10001,Diane,Abbott,,1,Labour,Hackney North and Stoke Newington
25034,Debbie,Abrahams,,1,Labour,Oldham East and Saddleworth
24878,Nigel,Adams,1,,Conservative,Selby and Ainsty
25661,Bim,Afolami,1,,Conservative,Hitchin and Harpenden
11929,Adam,Afriyie,1,,Conservative,Windsor
25817,Nickie,Aiken,,1,Conservative,Cities of London and Westminster
24904,Peter,Aldous,1,,Conservative,Waveney
24958,Rushanara,Ali,,1,Labour,Bethnal Green and Bow
25888,Tahir,Ali,1,,Labour,"Birmingham, Hall Green"
25337,Lucy,Allan,,1,Conservative,Telford
25579,Rosena,Allin-Khan,,1,Labour,Tooting
25702,Mike,Amesbury,1,,Labour,Weaver Vale
10009,David,Amess,1,,Conservative,Southend West
25813,Fleur,Anderson,,1,Labour,Putney
25894,Lee,Anderson,1,,Conservative,Ashfield
25818,Stuart,Anderson,1,,Conservative,Wolverhampton South West
24864,Stuart,Andrew,1,,Conservative,Pudsey
25335,Caroline,Ansell,,1,Conservative,Eastbourne
25634,Tonia,Antoniazzi,,1,Labour,Gower
25396,Edward,Argar,1,,Conservative,Charnwood
25120,Jon,Ashworth,1,,Labour,Leicester South
25810,Sarah,Atherton,,1,Conservative,Wrexham
25424,Victoria,Atkins,,1,Conservative,Louth and Horncastle
25750,Gareth,Bacon,1,,Conservative,Orpington
10707,Richard,Bacon,1,,Conservative,South Norfolk
25693,Kemi,Badenoch,,1,Conservative,Saffron Walden
25814,Shaun,Bailey,1,,Conservative,West Bromwich West
25838,Siobhan,Baillie,,1,Conservative,Stroud
25844,Duncan,Baker,1,,Conservative,North Norfolk
24786,Steven,Baker,1,,Conservative,Wycombe
24785,Harriett,Baldwin,,1,Conservative,West Worcestershire
24916,Steve,Barclay,1,,Conservative,North East Cambridgeshire
25409,Hannah,Bardell,,1,Scottish National Party,Livingston
25819,Paula,Barker,,1,Labour,"Liverpool, Wavertree"
10715,John,Baron,1,,Conservative,Basildon and Billericay
25799,Simon,Baynes,1,,Conservative,Clwyd South
10031,Margaret,Beckett,,1,Labour,Derby South
25726,�rfhlaith,Begley,,1,Sinn Féin,West Tyrone
25914,Apsana,Begum,,1,Labour,Poplar and Limehouse
25916,Aaron,Bell,1,,Conservative,Newcastle-under-Lyme
10669,Hilary,Benn,1,,Labour,Leeds Central
25800,Scott,Benton,1,,Conservative,Blackpool South
10041,Paul,Beresford,1,,Conservative,Mole Valley
24860,Jake,Berry,1,,Conservative,Rossendale and Darwen
10045,Clive,Betts,1,,Labour,Sheffield South East
25847,Saqib,Bhatti,1,,Conservative,Meriden
25269,Mhairi,Black,,1,Scottish National Party,Paisley and Renfrewshire South
25361,Ian,Blackford,1,,Scottish National Party,"Ross, Skye and Lochaber"
25314,Kirsty,Blackman,,1,Scottish National Party,Aberdeen North
24945,Bob,Blackman,1,,Conservative,Harrow East
25908,Olivia,Blake,,1,Labour,"Sheffield, Hallam"
24943,Paul,Blomfield,1,,Labour,Sheffield Central
10051,Crispin,Blunt,1,,Conservative,Reigate
11915,Peter,Bone,1,,Conservative,Wellingborough
25861,Steven,Bonnar,1,,Scottish National Party,"Coatbridge, Chryston and Bellshill"
10057,Peter,Bottomley,1,,Conservative,Worthing West
25703,Andrew,Bowie,1,,Conservative,West Aberdeenshire and Kincardine
24725,Karen,Bradley,,1,Conservative,Staffordshire Moorlands
25683,Ben,Bradley,1,,Conservative,Mansfield
10061,Ben,Bradshaw,1,,Labour,Exeter
10062,Graham,Brady,1,,Conservative,Altrincham and Sale West
13893,Mickey,Brady,1,,Sinn Féin,Newry and Armagh
25272,Suella,Braverman,,1,Conservative,Fareham
10753,Kevin,Brennan,1,,Labour,Cardiff West
25698,Jack,Brereton,1,,Conservative,Stoke-on-Trent South
24741,Andrew,Bridgen,1,,Conservative,North West Leicestershire
24901,Steve,Brine,1,,Conservative,Winchester
25795,Paul,Bristow,1,,Conservative,Peterborough
25876,Sara,Britcliffe,,1,Conservative,Hyndburn
25336,Deidre,Brock,,1,Scottish National Party,Edinburgh North and Leith
11640,James,Brokenshire,1,,Conservative,Old Bexley and Sidcup
11921,Lyn,Brown,,1,Labour,West Ham
25268,Alan,Brown,1,,Scottish National Party,Kilmarnock and Loudoun
10069,Nick,Brown,1,,Labour,Newcastle upon Tyne East
25850,Anthony,Browne,1,,Conservative,South Cambridgeshire
24857,Fiona,Bruce,,1,Conservative,Congleton
10761,Chris,Bryant,1,,Labour,Rhondda
25891,Felicity,Buchan,,1,Conservative,Kensington
10075,Karen,Buck,,1,Labour,Westminster North
24843,Robert,Buckland,1,,Conservative,South Swindon
25659,Alex,Burghart,1,,Conservative,Brentwood and Ongar
25391,Richard,Burgon,1,,Labour,Leeds East
24780,Conor,Burns,1,,Conservative,Bournemouth West
11447,Dawn,Butler,,1,Labour,Brent Central
25895,Rob,Butler,1,,Conservative,Aylesbury
11360,Liam,Byrne,1,,Labour,"Birmingham, Hodge Hill"
25816,Ian,Byrne,1,,Labour,"Liverpool, West Derby"
25343,Ruth,Cadbury,,1,Labour,Brentford and Isleworth
24740,Alun,Cairns,1,,Conservative,Vale of Glamorgan
25863,Amy,Callaghan,,1,Scottish National Party,East Dunbartonshire
25276,Lisa,Cameron,,1,Scottish National Party,"East Kilbride, Strathaven and Lesmahagow"
10780,Gregory,Campbell,1,,DUP,East Londonderry
10086,Alan,Campbell,1,,Labour,Tynemouth
25642,Dan,Carden,1,,Labour,"Liverpool, Walton"
10785,Alistair,Carmichael,1,,Liberal Democrat,Orkney and Shetland
25884,Andy,Carter,1,,Conservative,Warrington South
25414,James,Cartlidge,1,,Conservative,South Suffolk
10095,Bill,Cash,1,,Conservative,Stone
25897,Miriam,Cates,,1,Conservative,Penistone and Stocksbridge
25397,Maria,Caulfield,,1,Conservative,Lewes
25340,Alex,Chalk,1,,Conservative,Cheltenham
25872,Wendy,Chamberlain,,1,Liberal Democrat,North East Fife
25168,Sarah,Champion,,1,Labour,Rotherham
25305,Douglas,Chapman,1,,Scottish National Party,Dunfermline and West Fife
25676,Bambos,Charalambous,1,,Labour,"Enfield, Southgate"
25404,Joanna,Cherry,,1,Scottish National Party,Edinburgh South West
24920,Rehman,Chishti,1,,Conservative,Gillingham and Rainham
10103,Christopher,Chope,1,,Conservative,Christchurch
25408,Jo,Churchill,,1,Conservative,Bury St. Edmunds
25896,Feryal,Clark,,1,Labour,Enfield North
11884,Greg,Clark,1,,Conservative,Tunbridge Wells
25900,Theo,Clarke,,1,Conservative,Stafford
25657,Simon,Clarke,1,,Conservative,Middlesbrough South and East Cleveland
25862,Brendan,Clarke-Smith,1,,Conservative,Bassetlaw
25825,Chris,Clarkson,1,,Conservative,Heywood and Middleton
25376,James,Cleverly,1,,Conservative,Braintree
10119,Geoffrey,Clifton-Brown,1,,Conservative,The Cotswolds
24771,Therese,Coffey,,1,Conservative,Suffolk Coastal
25907,Elliot,Colburn,1,,Conservative,Carshalton and Wallington
24744,Damian,Collins,1,,Conservative,Folkestone and Hythe
10131,Yvette,Cooper,,1,Labour,"Normanton, Pontefract and Castleford"
25901,Daisy,Cooper,,1,Liberal Democrat,St. Albans
11667,Rosie,Cooper,,1,Labour,West Lancashire
10133,Jeremy,Corbyn,1,,Independent,Islington North
25413,Alberto,Costa,1,,Conservative,South Leicestershire
25593,Robert,Courts,1,,Conservative,Witney
25890,Claire,Coutinho,,1,Conservative,East Surrey
25288,Ronnie,Cowan,1,,Scottish National Party,Inverclyde
11541,Geoffrey,Cox,1,,Conservative,Torridge and West Devon
25326,Neil,Coyle,1,,Labour,Bermondsey and Old Southwark
11768,Stephen,Crabb,1,,Conservative,Preseli Pembrokeshire
25295,Angela,Crawley,,1,Scottish National Party,Lanark and Hamilton East
24949,Stella,Creasy,,1,Labour/Co-operative,Walthamstow
25843,Virginia,Crosbie,,1,Conservative,Ynys Mon
24871,Tracey,Crouch,,1,Conservative,Chatham and Aylesford
10828,Jon,Cruddas,1,,Labour,Dagenham and Rainham
10143,John,Cryer,1,,Labour,Leyton and Wanstead
25393,Judith,Cummins,,1,Labour,Bradford South
24742,Alex,Cunningham,1,,Labour,Stockton North
25727,Janet,Daby,,1,Labour,Lewisham East
25905,James,Daly,1,,Conservative,Bury North
10155,Edward,Davey,1,,Liberal Democrat,Kingston and Surbiton
10842,Wayne,David,1,,Labour,Caerphilly
25330,Mims,Davies,,1,Conservative,Mid Sussex
25858,Gareth,Davies,1,,Conservative,Grantham and Stamford
11719,David,Davies,1,,Conservative,Monmouth
11816,Philip,Davies,1,,Conservative,Shipley
10159,Geraint,Davies,1,,Labour,Swansea West
25292,James,Davies,1,,Conservative,Vale of Clwyd
25824,Alex,Davies-Jones,,1,Labour,Pontypridd
10162,David,Davis,1,,Conservative,Haltemprice and Howden
25815,Dehenna,Davison,,1,Conservative,Bishop Auckland
25307,Martyn,Day,1,,Scottish National Party,Linlithgow and East Falkirk
25620,Marsha,de Cordova,,1,Labour,Battersea
25402,Thangam,Debbonaire,,1,Labour,Bristol West
25695,Tan,Dhesi,1,,Labour,Slough
24873,Caroline,Dinenage,,1,Conservative,Gosport
25877,Sarah,Dines,,1,Conservative,Derbyshire Dales
10854,Jonathan,Djanogly,1,,Conservative,Huntingdon
25628,Leo,Docherty,1,,Conservative,Aldershot
25275,Martin,Docherty,1,,Scottish National Party,West Dunbartonshire
25618,Anneliese,Dodds,,1,Labour/Co-operative,Oxford East
10172,Jeffrey M.,Donaldson,1,,DUP,Lagan Valley
25316,Michelle,Donelan,,1,Conservative,Chippenham
25796,Dave,Doogan,1,,Scottish National Party,Angus
25870,Allan,Dorans,1,,Scottish National Party,"Ayr, Carrick and Cumnock"
11397,Nadine,Dorries,,1,Conservative,Mid Bedfordshire
25410,Steve,Double,1,,Conservative,St. Austell and Newquay
25166,Stephen,Doughty,1,,Labour/Co-operative,Cardiff South and Penarth
25309,Peter,Dowd,1,,Labour,Bootle
25323,Oliver,Dowden,1,,Conservative,Hertsmere
24957,Jackie,Doyle-Price,,1,Conservative,Thurrock
24903,Richard,Drax,1,,Conservative,South Dorset
24825,Jack,Dromey,1,,Labour,"Birmingham, Erdington"
25392,Flick,Drummond,,1,Conservative,Meon Valley
11785,James,Duddridge,1,,Conservative,Rochford and Southend East
25656,Rosie,Duffield,,1,Labour,Canterbury
25664,David,Duguid,1,,Conservative,Banff and Buchan
10180,Iain,Duncan Smith,1,,Conservative,Chingford and Woodford Green
11696,Philip,Dunne,1,,Conservative,Ludlow
10183,Maria,Eagle,,1,Labour,Garston and Halewood
10182,Angela,Eagle,,1,Labour,Wallasey
25923,Mark,Eastwood,1,,Conservative,Dewsbury
25130,Colum,Eastwood,1,,Social Democratic and Labour Party,Foyle
25854,Ruth,Edwards,,1,Conservative,Rushcliffe
24743,Jonathan,Edwards,1,,Independent,Carmarthen East and Dinefwr
10185,Clive,Efford,1,,Labour,Eltham
24710,Julie,Elliott,,1,Labour,Sunderland Central
24866,Michael,Ellis,1,,Conservative,Northampton North
11437,Tobias,Ellwood,1,,Conservative,Bournemouth East
25490,Chris,Elmore,1,,Labour,Ogmore
25831,Natalie,Elphicke,,1,Conservative,Dover
25759,Florence,Eshalomi,,1,Labour/Co-operative,Vauxhall
24905,Bill,Esterson,1,,Labour,Sefton Central
24933,George,Eustice,1,,Conservative,Camborne and Redruth
25805,Luke,Evans,1,,Conservative,Bosworth
24721,Chris,Evans,1,,Labour/Co-operative,Islwyn
10190,Nigel,Evans,1,,Conservative,Ribble Valley
11408,David,Evennett,1,,Conservative,Bexleyheath and Crayford
25910,Ben,Everitt,1,,Conservative,Milton Keynes North
10193,Michael,Fabricant,1,,Conservative,Lichfield
25835,Laura,Farris,,1,Conservative,Newbury
11923,Tim,Farron,1,,Liberal Democrat,Westmorland and Lonsdale
13899,Stephen,Farry,1,,Alliance,North Down
25869,Simon,Fell,1,,Conservative,Barrow and Furness
25277,Marion,Fellows,,1,Scottish National Party,Motherwell and Wishaw
25287,Margaret,Ferrier,,1,Independent,Rutherglen and Hamilton West
25821,John,Finucane,1,,Sinn Féin,Belfast North
25319,Colleen,Fletcher,,1,Labour,Coventry North East
25830,Katherine,Fletcher,,1,Conservative,South Ribble
25903,Mark,Fletcher,1,,Conservative,Bolsover
25859,Nicholas,Fletcher,1,,Conservative,Don Valley
25867,Stephen,Flynn,1,,Scottish National Party,Aberdeen South
25614,Vicky,Ford,,1,Conservative,Chelmsford
25338,Kevin,Foster,1,,Conservative,Torbay
24805,Yvonne,Fovargue,,1,Labour,Makerfield
10213,Liam,Fox,1,,Conservative,North Somerset
25380,Vicky,Foxcroft,,1,Labour,"Lewisham, Deptford"
25833,Mary,Foy,,1,Labour,City of Durham
10901,Mark,Francois,1,,Conservative,Rayleigh and Wickford
25399,Lucy,Frazer,,1,Conservative,South East Cambridgeshire
24817,George,Freeman,1,,Conservative,Mid Norfolk
24934,Mike,Freer,1,,Conservative,Finchley and Golders Green
24787,Richard,Fuller,1,,Conservative,North East Bedfordshire
25489,Gill,Furniss,,1,Labour,"Sheffield, Brightside and Hillsborough"
25384,Marcus,Fysh,1,,Conservative,Yeovil
10217,Roger,Gale,1,,Conservative,North Thanet
10220,Barry,Gardiner,1,,Labour,Brent North
24824,Mark,Garnier,1,,Conservative,Wyre Forest
25354,Nusrat,Ghani,,1,Conservative,Wealden
10225,Nick,Gibb,1,,Conservative,Bognor Regis and Littlehampton
25300,Patricia,Gibson,,1,Scottish National Party,North Ayrshire and Arran
25793,Peter,Gibson,1,,Conservative,Darlington
25882,Jo,Gideon,,1,Conservative,Stoke-on-Trent Central
10913,Michelle,Gildernew,,1,Sinn Féin,Fermanagh and South Tyrone
25666,Preet Kaur,Gill,,1,Labour/Co-operative,"Birmingham, Edgbaston"
25629,Paul,Girvan,1,,DUP,South Antrim
24839,John,Glen,1,,Conservative,Salisbury
24927,Mary,Glindon,,1,Labour,North Tyneside
11804,Robert,Goodwill,1,,Conservative,Scarborough and Whitby
11858,Michael,Gove,1,,Conservative,Surrey Heath
25299,Patrick,Grady,1,,Scottish National Party,Glasgow North
24921,Richard,Graham,1,,Conservative,Gloucester
24796,Helen,Grant,,1,Conservative,Maidstone and The Weald
25273,Peter,Grant,1,,Scottish National Party,Glenrothes
10240,James,Gray,1,,Conservative,North Wiltshire
10920,Chris,Grayling,1,,Conservative,Epsom and Ewell
,Sarah,Green,,1,Liberal Democrat,Chesham and Amersham
24896,Kate,Green,,1,Labour,Stretford and Urmston
10241,Damian,Green,1,,Conservative,Ashford
25359,Chris,Green,1,,Conservative,Bolton West
24774,Lilian,Greenwood,,1,Labour,Nottingham South
25349,Margaret,Greenwood,,1,Labour,Wirral West
11692,Nia,Griffith,,1,Labour,Llanelli
25927,Andrew,Griffith,1,,Conservative,Arundel and South Downs
25839,Kate,Griffiths,,1,Conservative,Burton
25812,James,Grundy,1,,Conservative,Leigh
25898,Jonathan,Gullis,1,,Conservative,Stoke-on-Trent North
11531,Andrew,Gwynne,1,,Labour,Denton and Reddish
25357,Louise,Haigh,,1,Labour,"Sheffield, Heeley"
24784,Robert,Halfon,1,,Conservative,Harlow
25373,Luke,Hall,1,,Conservative,Thornbury and Yate
10256,Fabian,Hamilton,1,,Labour,Leeds North East
11927,Stephen,Hammond,1,,Conservative,Wimbledon
24773,Matthew,Hancock,1,,Conservative,West Suffolk
11610,Greg,Hands,1,,Conservative,Chelsea and Fulham
25447,Claire,Hanna,,1,Social Democratic and Labour Party,Belfast South
25873,Neale,Hanvey,1,,Alba,Kirkcaldy and Cowdenbeath
25646,Emma,Hardy,,1,Labour,Kingston upon Hull West and Hessle
10260,Harriet,Harman,,1,Labour,Camberwell and Peckham
11588,Mark,Harper,1,,Conservative,Forest of Dean
24731,Rebecca,Harris,,1,Conservative,Castle Point
25308,Carolyn,Harris,,1,Labour,Swansea East
25600,Trudy,Harrison,,1,Conservative,Copeland
25902,Sally-Ann,Hart,,1,Conservative,Hastings and Rye
24813,Simon,Hart,1,,Conservative,Carmarthen West and South Pembrokeshire
25310,Helen,Hayes,,1,Labour,Dulwich and West Norwood
10265,John,Hayes,1,,Conservative,South Holland and The Deepings
25154,Christopher,Hazzard,1,,Sinn Féin,South Down
10267,Oliver,Heald,1,,Conservative,North East Hertfordshire
10268,John,Healey,1,,Labour,Wentworth and Dearne
25438,James,Heappey,1,,Conservative,Wells
24841,Chris,Heaton-Harris,1,,Conservative,Daventry
24828,Gordon,Henderson,1,,Conservative,Sittingbourne and Sheppey
10682,Mark,Hendrick,1,,Labour/Co-operative,Preston
25382,Drew,Hendry,1,,Scottish National Party,"Inverness, Nairn, Badenoch and Strathspey"
25871,Darren,Henry,1,,Conservative,Broxtowe
25842,Antony,Higginbotham,1,,Conservative,Burnley
11605,Meg,Hillier,,1,Labour/Co-operative,Hackney South and Shoreditch
24782,Damian,Hinds,1,,Conservative,East Hampshire
25427,Simon,Hoare,1,,Conservative,North Dorset
25648,Wera,Hobhouse,,1,Liberal Democrat,Bath
10281,Margaret,Hodge,,1,Labour,Barking
11592,Sharon,Hodgson,,1,Labour,Washington and Sunderland West
25893,Richard,Holden,1,,Conservative,North West Durham
25298,Kate,Hollern,,1,Labour,Blackburn
25415,Kevin,Hollinrake,1,,Conservative,Thirsk and Malton
11661,Philip,Hollobone,1,,Conservative,Kettering
11599,Adam,Holloway,1,,Conservative,Gravesham
25808,Paul,Holmes,1,,Conservative,Eastleigh
25809,Rachel,Hopkins,,1,Labour,Luton South
11973,Stewart,Hosie,1,,Scottish National Party,Dundee East
10292,George,Howarth,1,,Labour,Knowsley
14131,John,Howell,1,,Conservative,Henley
25855,Paul,Howell,1,,Conservative,Sedgefield
10295,Lindsay,Hoyle,1,,Speaker,Chorley
25381,Nigel,Huddleston,1,,Conservative,Mid Worcestershire
25875,Neil,Hudson,1,,Conservative,Penrith and The Border
25699,Eddie,Hughes,1,,Conservative,Walsall North
25921,Jane,Hunt,,1,Conservative,Loughborough
25811,Tom,Hunt,1,,Conservative,Ipswich
11859,Jeremy,Hunt,1,,Conservative,South West Surrey
25284,Rupa,Huq,,1,Labour,Ealing Central and Acton
25375,Imran,Hussain,1,,Labour,Bradford East
25674,Alister,Jack,1,,Conservative,Dumfries and Galloway
25675,Christine,Jardine,,1,Liberal Democrat,Edinburgh West
25067,Dan,Jarvis,1,,Labour,Barnsley Central
24854,Sajid,Javid,1,,Conservative,Bromsgrove
25419,Ranil,Jayawardena,1,,Conservative,North East Hampshire
10312,Bernard,Jenkin,1,,Conservative,Harwich and North Essex
25792,Mark,Jenkinson,1,,Conservative,Workington
25431,Andrea,Jenkyns,,1,Conservative,Morley and Outwood
25227,Robert,Jenrick,1,,Conservative,Newark
11647,Diana R.,Johnson,,1,Labour,Kingston upon Hull North
25803,Kim,Johnson,,1,Labour,"Liverpool, Riverside"
25597,Caroline,Johnson,,1,Conservative,Sleaford and North Hykeham
24803,Gareth,Johnson,1,,Conservative,Dartford
10999,Boris,Johnson,1,,Conservative,Uxbridge and South Ruislip
25924,David,Johnston,1,,Conservative,Wantage
25881,Fay,Jones,,1,Conservative,Brecon and Radnorshire
25673,Sarah,Jones,,1,Labour,Croydon Central
25746,Ruth,Jones,,1,Labour,Newport West
25637,Darren,Jones,1,,Labour,Bristol North West
11506,David,Jones,1,,Conservative,Clwyd West
24758,Andrew,Jones,1,,Conservative,Harrogate and Knaresborough
25289,Gerald,Jones,1,,Labour,Merthyr Tydfil and Rhymney
11003,Kevan,Jones,1,,Labour,North Durham
24745,Marcus,Jones,1,,Conservative,Nuneaton
25911,Simon,Jupp,1,,Conservative,East Devon
25220,Mike,Kane,1,,Labour,Wythenshawe and Sale East
11817,Daniel,Kawczynski,1,,Conservative,Shrewsbury and Atcham
25906,Alicia,Kearns,,1,Conservative,Rutland and Melton
25670,Gillian,Keegan,,1,Conservative,Chichester
11943,Barbara,Keeley,,1,Labour,Worsley and Eccles South
24816,Liz,Kendall,,1,Labour,Leicester West
25662,Afzal,Khan,1,,Labour,"Manchester, Gorton"
25822,Imran Ahmad,Khan,1,,Conservative,Wakefield
25297,Stephen,Kinnock,1,,Labour,Aberavon
11026,Greg,Knight,1,,Conservative,East Yorkshire
25388,Julian,Knight,1,,Conservative,Solihull
25913,Danny,Kruger,1,,Conservative,Devizes
24770,Kwasi,Kwarteng,1,,Conservative,Spelthorne
25418,Peter,Kyle,1,,Labour,Hove
10348,Eleanor,Laing,,1,Conservative,Epping Forest
25669,Ben,Lake,1,,Plaid Cymru,Ceredigion
10678,David,Lammy,1,,Labour,Tottenham
14026,John,Lamont,1,,Conservative,"Berwickshire, Roxburgh and Selkirk"
25841,Robert,Largan,1,,Conservative,High Peak
24821,Pauline,Latham,,1,Conservative,Mid Derbyshire
24963,Ian,Lavery,1,,Labour,Wansbeck
25270,Chris,Law,1,,Scottish National Party,Dundee West
24829,Andrea,Leadsom,,1,Conservative,South Northamptonshire
10352,Edward,Leigh,1,,Conservative,Gainsborough
25791,Ian,Levy,1,,Conservative,Blyth Valley
25181,Emma,Lewell-Buck,,1,Labour,South Shields
25686,Andrew,Lewer,1,,Conservative,Northampton South
24879,Brandon,Lewis,1,,Conservative,Great Yarmouth
10358,Julian,Lewis,1,,Independent,New Forest East
25356,Clive,Lewis,1,,Labour,Norwich South
11048,Ian,Liddell-Grainger,1,,Conservative,Bridgwater and West Somerset
25677,David,Linden,1,,Scottish National Party,Glasgow East
10367,Tony,Lloyd,1,,Labour,Rochdale
25562,Carla,Lockhart,,1,DUP,Upper Bann
25918,Chris,Loder,1,,Conservative,West Dorset
25886,Mark,Logan,1,,Conservative,Bolton North East
25368,Rebecca,Long-Bailey,,1,Labour,Salford and Eccles
25917,Marco,Longhi,1,,Conservative,Dudley North
25652,Julia,Lopez,,1,Conservative,Hornchurch and Upminster
24716,Jack,Lopresti,1,,Conservative,Filton and Bradley Stoke
24884,Jonathan,Lord,1,,Conservative,Woking
10371,Tim,Loughton,1,,Conservative,East Worthing and Shoreham
24910,Caroline,Lucas,,1,Green,"Brighton, Pavilion"
25434,Holly,Lynch,,1,Labour,Halifax
14031,Kenny,MacAskill,1,,Scottish National Party,East Lothian
25437,Craig,Mackinlay,1,,Conservative,South Thanet
25802,Cherilyn,Mackrory,,1,Conservative,Truro and Falmouth
25692,Rachel,Maclean,,1,Conservative,Redditch
12004,Angus,MacNeil,1,,Scottish National Party,Na h-Eileanan an Iar
25378,Justin,Madders,1,,Labour,Ellesmere Port and Neston
24788,Shabana,Mahmood,,1,Labour,"Birmingham, Ladywood"
11087,Khalid,Mahmood,1,,Labour,"Birmingham, Perry Barr"
25285,Alan,Mak,1,,Conservative,Havant
25150,Seema,Malhotra,,1,Labour/Co-operative,Feltham and Heston
25346,Kit,Malthouse,1,,Conservative,North West Hampshire
25868,Anthony,Mangnall,1,,Conservative,Totnes
25383,Scott,Mann,1,,Conservative,North Cornwall
25879,Julie,Marson,,1,Conservative,Hertford and Stortford
25433,Rachael,Maskell,,1,Labour/Co-operative,York Central
13904,Paul,Maskey,1,,Sinn Féin,Belfast West
25411,Chris,Matheson,1,,Labour,City of Chester
10426,Theresa,May,,1,Conservative,Maidenhead
25904,Jerome,Mayhew,1,,Conservative,Broadland
24764,Paul,Maynard,1,,Conservative,Blackpool North and Cleveleys
10377,Steve,McCabe,1,,Labour,"Birmingham, Selly Oak"
11455,Kerry,McCarthy,,1,Labour,Bristol East
24887,Jason,McCartney,1,,Conservative,Colne Valley
24790,Karl,McCartney,1,,Conservative,Lincoln
10381,Siobhain,McDonagh,,1,Labour,Mitcham and Morden
25301,Stuart,McDonald,1,,Scottish National Party,"Cumbernauld, Kilsyth and Kirkintilloch East"
25322,Stewart,McDonald,1,,Scottish National Party,Glasgow South
25169,Andy,McDonald,1,,Labour,Middlesbrough
10383,John Martin,McDonnell,1,,Labour,Hayes and Harlington
11936,Pat,McFadden,1,,Labour,Wolverhampton South East
25423,Conor,McGinn,1,,Labour,St. Helens North
24897,Alison,McGovern,,1,Labour,Wirral South
24818,Catherine,McKinnell,,1,Labour,Newcastle upon Tyne North
14146,Anne,McLaughlin,,1,Scottish National Party,Glasgow North East
25475,Jim,McMahon,1,,Labour/Co-operative,Oldham West and Royton
25647,Anna,McMorrin,,1,Labour,Cardiff North
25271,John,McNally,1,,Scottish National Party,Falkirk
24888,Stephen,McPartland,1,,Conservative,Stevenage
24882,Esther,McVey,,1,Conservative,Tatton
24919,Ian,Mearns,1,,Labour,Gateshead
24804,Mark,Menzies,1,,Conservative,Fylde
25367,Johnny,Mercer,1,,Conservative,"Plymouth, Moor View"
25426,Huw,Merriman,1,,Conservative,Bexhill and Battle
24749,Stephen,Metcalfe,1,,Conservative,South Basildon and East Thurrock
11545,Ed,Miliband,1,,Labour,Doncaster North
25832,Robin,Millar,1,,Conservative,Aberconwy
11389,Maria,Miller,,1,Conservative,Basingstoke
25350,Amanda,Milling,,1,Conservative,Cannock Chase
24965,Nigel,Mills,1,,Conservative,Amber Valley
25836,Navendu,Mishra,1,,Labour,Stockport
11115,Andrew,Mitchell,1,,Conservative,Sutton Coldfield
25920,Gagan,Mohindra,1,,Conservative,South West Hertfordshire
13836,Francie,Molloy,1,,Sinn Féin,Mid Ulster
25406,Carol,Monaghan,,1,Scottish National Party,Glasgow North West
25922,Robbie,Moore,1,,Conservative,Keighley
25630,Damien,Moore,1,,Conservative,Southport
25689,Layla,Moran,,1,Liberal Democrat,Oxford West and Abingdon
24938,Penny,Mordaunt,,1,Conservative,Portsmouth North
11732,Jessica,Morden,,1,Labour,Newport East
25658,Stephen,Morgan,1,,Labour,Portsmouth South
24912,Anne Marie,Morris,,1,Conservative,Newton Abbot
24715,Grahame,Morris,1,,Labour,Easington
24855,James,Morris,1,,Conservative,Halesowen and Rowley Regis
24966,David,Morris,1,,Conservative,Morecambe and Lunesdale
25878,Joy,Morrissey,,1,Conservative,Beaconsfield
25984,Jill,Mortimer,,1,Conservative,Hartlepool
25342,Wendy,Morton,,1,Conservative,Aldridge-Brownhills
25883,Kieran,Mullan,1,,Conservative,Crewe and Nantwich
25804,Holly,Mumby-Croft,,1,Conservative,Scunthorpe
11970,David,Mundell,1,,Conservative,"Dumfriesshire, Clydesdale and Tweeddale"
24875,Sheryll,Murray,,1,Conservative,South East Cornwall
25801,James,Murray,1,,Labour/Co-operative,Ealing North
24872,Ian,Murray,1,,Labour,Edinburgh South
11132,Andrew,Murrison,1,,Conservative,South West Wiltshire
24831,Lisa,Nandy,,1,Labour,Wigan
13736,Bob,Neill,1,,Conservative,Bromley and Chislehurst
25291,Gavin,Newlands,1,,Scottish National Party,Paisley and Renfrewshire North
25885,Charlotte,Nichols,,1,Labour,Warrington North
25865,Lia,Nici,,1,Conservative,Great Grimsby
25281,John,Nicolson,1,,Scottish National Party,Ochil and South Perthshire
24809,Caroline,Nokes,,1,Conservative,Romsey and Southampton North
24827,Jesse,Norman,1,,Conservative,Hereford and South Herefordshire
25687,Alex,Norris,1,,Labour/Co-operative,Nottingham North
25679,Neil,O'Brien,1,,Conservative,Harborough
25370,Brendan,O'Hara,1,,Scottish National Party,Argyll and Bute
24955,Matthew,Offord,1,,Conservative,Hendon
25596,Sarah,Olney,,1,Liberal Democrat,Richmond Park
24807,Chi,Onwurah,,1,Labour,Newcastle upon Tyne Central
24962,Guy,Opperman,1,,Conservative,Hexham
25846,Abena,Oppong-Asare,,1,Labour,Erith and Thamesmead
25365,Kate,Osamor,,1,Labour/Co-operative,Edmonton
25794,Kate,Osborne,,1,Labour,Jarrow
25294,Kirsten,Oswald,,1,Scottish National Party,East Renfrewshire
25915,Taiwo,Owatemi,,1,Labour,Coventry North West
25823,Sarah,Owen,,1,Labour,Luton North
13852,Ian,Paisley Jnr,1,,DUP,North Antrim
24779,Neil,Parish,1,,Conservative,Tiverton and Honiton
24778,Priti,Patel,,1,Conservative,Witham
10473,Owen,Paterson,1,,Conservative,North Shropshire
24880,Mark,Pawsey,1,,Conservative,Rugby
25617,Stephanie,Peacock,,1,Labour,Barnsley East
11626,Mike,Penning,1,,Conservative,Hemel Hempstead
25379,Matthew,Pennycook,1,,Labour,Greenwich and Woolwich
11924,John,Penrose,1,,Conservative,Weston-Super-Mare
24832,Andrew,Percy,1,,Conservative,Brigg and Goole
24845,Toby,Perkins,1,,Labour,Chesterfield
25364,Jess,Phillips,,1,Labour,"Birmingham, Yardley"
24709,Bridget,Phillipson,,1,Labour,Houghton and Sunderland South
25377,Chris,Philp,1,,Conservative,Croydon South
24747,Christopher,Pincher,1,,Conservative,Tamworth
25690,Luke,Pollard,1,,Labour/Co-operative,"Plymouth, Sutton and Devonport"
24756,Daniel,Poulter,1,,Conservative,Central Suffolk and North Ipswich
25407,Rebecca,Pow,,1,Conservative,Taunton Deane
25165,Lucy,Powell,,1,Labour/Co-operative,Manchester Central
25420,Victoria,Prentis,,1,Conservative,Banbury
11946,Mark,Pritchard,1,,Conservative,The Wrekin
25387,Tom,Pursglove,1,,Conservative,Corby
26020,Anum,Qaisar-Javed,,1,Scottish National Party,Airdrie and Shotts
25417,Jeremy,Quin,1,,Conservative,Horsham
25403,Will,Quince,1,,Conservative,Colchester
24775,Yasmin,Qureshi,,1,Labour,Bolton South East
24815,Dominic,Raab,1,,Conservative,Esher and Walton
25837,Tom,Randall,1,,Conservative,Gedling
25429,Angela,Rayner,,1,Labour,Ashton-under-Lyne
10499,John,Redwood,1,,Conservative,Wokingham
25170,Steve,Reed,1,,Labour/Co-operative,Croydon North
25332,Christina,Rees,,1,Labour/Co-operative,Neath
24926,Jacob,Rees-Mogg,1,,Conservative,North East Somerset
24851,Rachel,Reeves,,1,Labour,Leeds West
25681,Ellie,Reeves,,1,Labour,Lewisham West and Penge
24929,Jonathan,Reynolds,1,,Labour/Co-operative,Stalybridge and Hyde
25856,Bell,Ribeiro-Addy,,1,Labour,Streatham
25834,Nicola,Richards,,1,Conservative,West Bromwich East
25827,Angela,Richardson,,1,Conservative,Guildford
25321,Marie,Rimmer,,1,Labour,St. Helens South and Whiston
25852,Rob,Roberts,1,,Conservative,Delyn
10505,Laurence,Robertson,1,,Conservative,Tewkesbury
25405,Mary,Robinson,,1,Conservative,Cheadle
25280,Gavin,Robinson,1,,DUP,Belfast East
25691,Matt,Rodda,1,,Labour,Reading East
11199,Andrew,Rosindell,1,,Conservative,Romford
25531,Douglas,Ross,1,,Conservative,Moray
25685,Lee,Rowley,1,,Conservative,North East Derbyshire
25828,Dean,Russell,1,,Conservative,Watford
25667,Lloyd,Russell-Moyle,1,,Labour/Co-operative,"Brighton, Kemptown"
24820,David,Rutley,1,,Conservative,Macclesfield
25887,Gary,Sambrook,1,,Conservative,"Birmingham, Northfield"
25302,Liz,Saville-Roberts,,1,Plaid Cymru,Dwyfor Meirionnydd
25880,Selaine,Saxby,,1,Conservative,North Devon
25331,Paul,Scully,1,,Conservative,Sutton and Cheam
25645,Bob,Seely,1,,Conservative,Isle of Wight
11216,Andrew,Selous,1,,Conservative,South West Bedfordshire
25385,Naseem,Shah,,1,Labour,Bradford West
13864,Jim,Shannon,1,,DUP,Strangford
11917,Grant,Shapps,1,,Conservative,Welwyn Hatfield
13934,Virendra,Sharma,1,,Labour,"Ealing, Southall"
24902,Alok,Sharma,1,,Conservative,Reading West
10534,Barry,Sheerman,1,,Labour/Co-operative,Huddersfield
24893,Alec,Shelbrooke,1,,Conservative,Elmet and Rothwell
25341,Tommy,Sheppard,1,,Scottish National Party,Edinburgh East
25344,Tulip,Siddiq,,1,Labour,Hampstead and Kilburn
25892,David,Simmonds,1,,Conservative,"Ruislip, Northwood and Pinner"
24713,Chris,Skidmore,1,,Conservative,Kingswood
11559,Andrew,Slaughter,1,,Labour,Hammersmith
25432,Cat,Smith,,1,Labour,Lancaster and Fleetwood
24691,Chloe,Smith,,1,Conservative,Norwich North
24728,Nick,Smith,1,,Labour,Blaenau Gwent
25925,Greg,Smith,1,,Conservative,Buckingham
24802,Henry,Smith,1,,Conservative,Crawley
25366,Jeff,Smith,1,,Labour,"Manchester, Withington"
24961,Julian,Smith,1,,Conservative,Skipton and Ripon
25345,Royston,Smith,1,,Conservative,"Southampton, Itchen"
25848,Alyn,Smith,1,,Scottish National Party,Stirling
25390,Karin,Smyth,,1,Labour,Bristol South
25680,Alex,Sobel,1,,Labour/Co-operative,Leeds North West
25436,Amanda,Solloway,,1,Conservative,Derby North
10558,John,Spellar,1,,Labour,Warley
25889,Ben,Spencer,1,,Conservative,Runnymede and Weybridge
24909,Mark,Spencer,1,,Conservative,Sherwood
25864,Alexander,Stafford,1,,Conservative,Rother Valley
25353,Keir,Starmer,1,,Labour,Holborn and St. Pancras
25306,Chris,Stephens,1,,Scottish National Party,Glasgow South West
24759,Andrew,Stephenson,1,,Conservative,Pendle
25304,Jo,Stevens,,1,Labour,Cardiff Central
25807,Jane,Stevenson,,1,Conservative,Wolverhampton North East
24799,John,Stevenson,1,,Conservative,Carlisle
24907,Bob,Stewart,1,,Conservative,Beckenham
24947,Iain,Stewart,1,,Conservative,Milton Keynes South
25668,Jamie,Stone,1,,Liberal Democrat,"Caithness, Sutherland and Easter Ross"
10575,Gary,Streeter,1,,Conservative,South West Devon
25320,Wes,Streeting,1,,Labour,Ilford North
24914,Mel,Stride,1,,Conservative,Central Devon
10576,Graham,Stringer,1,,Labour,Blackley and Broughton
11406,Graham,Stuart,1,,Conservative,Beverley and Holderness
24853,Julian,Sturdy,1,,Conservative,York Outer
25909,Zarah,Sultana,,1,Labour,Coventry South
25428,Rishi,Sunak,1,,Conservative,Richmond (Yorks)
25860,James,Sunderland,1,,Conservative,Bracknell
10580,Desmond,Swayne,1,,Conservative,New Forest West
10582,Robert,Syms,1,,Conservative,Poole
11267,Mark,Tami,1,,Labour,Alyn and Deeside
25912,Sam,Tarry,1,,Labour,Ilford South
25327,Alison,Thewliss,,1,Scottish National Party,Glasgow Central
10594,Gareth,Thomas,1,,Labour/Co-operative,Harrow West
25440,Derek,Thomas,1,,Conservative,St. Ives
25279,Nick,Thomas-Symonds,1,,Labour,Torfaen
25278,Owen,Thompson,1,,Scottish National Party,Midlothian
25919,Richard,Thomson,1,,Scottish National Party,Gordon
11656,Emily,Thornberry,,1,Labour,Islington South and Finsbury
25371,Maggie,Throup,,1,Conservative,Erewash
10596,Stephen,Timms,1,,Labour,East Ham
14128,Edward,Timpson,1,,Conservative,Eddisbury
25430,Kelly,Tolhurst,,1,Conservative,Rochester and Strood
25422,Michael,Tomlinson,1,,Conservative,Mid Dorset and North Poole
24870,Justin,Tomlinson,1,,Conservative,North Swindon
25290,Craig,Tracey,1,,Conservative,North Warwickshire
25439,Anne-Marie,Trevelyan,,1,Conservative,Berwick-upon-Tweed
10604,Jon,Trickett,1,,Labour,Hemsworth
25851,Laura,Trott,,1,Conservative,Sevenoaks
24941,Elizabeth,Truss,,1,Conservative,South West Norfolk
25374,Thomas,Tugendhat,1,,Conservative,Tonbridge and Malling
24767,Karl,Turner,1,,Labour,Kingston upon Hull East
10610,Derek,Twigg,1,,Labour,Halton
25623,Liz,Twist,,1,Labour,Blaydon
11475,Shailesh,Vara,1,,Conservative,North West Cambridgeshire
24852,Valerie,Vaz,,1,Labour,Walsall South
24814,Martin,Vickers,1,,Conservative,Cleethorpes
25853,Matt,Vickers,1,,Conservative,Stockton South
11500,Theresa,Villiers,,1,Conservative,Chipping Barnet
25874,Christian,Wakeford,1,,Conservative,Bury South
11461,Charles,Walker,1,,Conservative,Broxbourne
24862,Robin,Walker,1,,Conservative,Worcester
11668,Ben,Wallace,1,,Conservative,Wyre and Preston North
25829,Jamie,Wallis,1,,Conservative,Bridgend
25372,David,Warburton,1,,Conservative,Somerton and Frome
25395,Matt,Warman,1,,Conservative,Boston and Skegness
25644,Giles,Watling,1,,Conservative,Clacton
25926,Suzanne,Webb,,1,Conservative,Stourbridge
25797,Claudia,Webbe,,1,Independent,Leicester East
25328,Catherine,West,,1,Labour,Hornsey and Wood Green
25701,Matt,Western,1,,Labour,Warwick and Leamington
25398,Helen,Whately,,1,Conservative,Faversham and Mid Kent
24769,Heather,Wheeler,,1,Conservative,South Derbyshire
10630,Alan,Whitehead,1,,Labour,"Southampton, Test"
25318,Philippa,Whitford,,1,Scottish National Party,Central Ayrshire
25798,Mick,Whitley,1,,Labour,Birkenhead
24944,Craig,Whittaker,1,,Conservative,Calder Valley
10632,John,Whittingdale,1,,Conservative,Maldon
25845,Nadia,Whittome,,1,Labour,Nottingham East
11318,Bill,Wiggin,1,,Conservative,North Herefordshire
25866,James,Wild,1,,Conservative,North West Norfolk
11323,Hywel,Williams,1,,Plaid Cymru,Arfon
25329,Craig,Williams,1,,Conservative,Montgomeryshire
24729,Gavin,Williamson,1,,Conservative,South Staffordshire
25820,Munira,Wilson,,1,Liberal Democrat,Twickenham
11374,Sammy,Wilson,1,,DUP,East Antrim
25826,Beth,Winter,,1,Labour,Cynon Valley
10648,Rosie,Winterton,,1,Labour,Doncaster Central
11333,Pete,Wishart,1,,Scottish National Party,Perth and North Perthshire
25362,Mike,Wood,1,,Conservative,Dudley South
25360,William,Wragg,1,,Conservative,Hazel Grove
11791,Jeremy,Wright,1,,Conservative,Kenilworth and Southam
25649,Mohammad,Yasin,1,,Labour,Bedford
25806,Jacob,Young,1,,Conservative,Redcar
24822,Nadhim,Zahawi,1,,Conservative,Stratford-on-Avon
25386,Daniel,Zeichner,1,,Labour,Cambridge
,Kim,Leadbeater,,1,Labour,Batley and Spen